{"expireTime":1620395063570,"key":"wault-v1-pool-info","val":{"1":{"currency":"WEX-BNB","poolId":1,"address":"0x547A355E70cd1F8CAF531B950905aF751dBEF5E6","tokenPrice":0.08212267008642507,"lpPrice":14.745661262289643,"tvl":10717620.553892406,"apy":1247.6567623673027},"2":{"currency":"WEX-BNB","poolId":2,"address":"0xb4814f1ca673dBE9a2637C5dd4e94A4a0ED834C6","tokenPrice":0.08206849168109354,"lpPrice":14.581822893914433,"tvl":36686089.65441053,"apy":1199.3075202781888},"3":{"currency":"WEX","poolId":3,"address":"0xa9c41a46a6b3531d28d5c32f6633dd2ff05dfb90","tokenPrice":0.08206849168109354,"lpPrice":0.08206849168109354,"tvl":26874059.82461283,"apy":240.7630230178901},"4":{"currency":"WAULTx-BNB","poolId":4,"address":"0xA2eBDa2e8975B42068b6162C7dd798C2143caf21","tokenPrice":0.06527754396847824,"lpPrice":13.028229724780088,"tvl":8616943.641164681,"apy":1001.1716688390114},"5":{"currency":"WAULTx-BNB","poolId":5,"address":"0x3e4370204f598205998143F07ebCC486E441b456","tokenPrice":0.06549088818156572,"lpPrice":13.136758876410548,"tvl":4025410.121418987,"apy":1071.5727820641857},"6":{"currency":"BNB-BUSD","poolId":6,"address":"0x4bbed8D9A1B27A4DDd84a3368A850e78c9580404","tokenPrice":638.8559586527488,"lpPrice":51.47013201495965,"tvl":24685741.772644937,"apy":297.053413919082},"7":{"currency":"Cake-BNB","poolId":7,"address":"0x7b12531Eb75F06A8C9cA4A5f27dbB952FD2A7430","tokenPrice":37.52504581627907,"lpPrice":310.6120333573376,"tvl":10049448.986579172,"apy":257.53769755051593},"8":{"currency":"BTCB-BUSD","poolId":8,"address":"0x61Ad21f79D1Bf96206Ad28d97B15D98a55944a2a","tokenPrice":55382.27035316174,"lpPrice":471.3307117665041,"tvl":16021364.546353435,"apy":242.3119403625364},"9":{"currency":"BTCB-BNB","poolId":9,"address":"0xfCc62FB56c8E0630001B6EcC9eD38518D39499B2","tokenPrice":55484.398133043585,"lpPrice":11924.553939544941,"tvl":9187079.133866386,"apy":187.80811006002207},"10":{"currency":"ETH-BNB","poolId":10,"address":"0x04253aB3ff54D2E03b717BF6810a0a2Fd228365a","tokenPrice":3458.899003899755,"lpPrice":2975.4867591060706,"tvl":13973036.862699686,"apy":185.22186544600046},"11":{"currency":"ETH-BUSD","poolId":11,"address":"0x40a2739d8B2CDDd5EDB8B563BA8e4c3326e23716","tokenPrice":3452.242335067155,"lpPrice":117.7788854763715,"tvl":10100062.672809899,"apy":213.53926517558074},"12":{"currency":"VAI-BNB","poolId":12,"address":"0xB1b116D2814E92f3fAE565808695F93d0C2a2264","tokenPrice":0.9186526694817226,"lpPrice":48.52926147505424,"tvl":2115851.529415139,"apy":407.73370558288786},"13":{"currency":"USDT-BNB","poolId":13,"address":"0xd6196036cB72BB921E013189CC594feC29453C2E","tokenPrice":1.0021978752539904,"lpPrice":50.7659683351415,"tvl":4754822.311141132,"apy":272.156537541971},"14":{"currency":"USDT-BUSD","poolId":14,"address":"0x9Ce20a5169A3CD64A98C2C200aA995A2d8c8830e","tokenPrice":0.9987866340395148,"lpPrice":2.0012220558886775,"tvl":19668329.6420927,"apy":87.72519072543508},"15":{"currency":"DAI-BUSD","poolId":15,"address":"0xcED829cB73d21B34a0AD4687C3Cd7D398172DBD8","tokenPrice":1.000939808069669,"lpPrice":2.00143424162103,"tvl":9222199.09892419,"apy":93.5464497456245},"16":{"currency":"USDC-BNB","poolId":16,"address":"0xA34337690711CE3F265f56Ebd545Dda00d7C0405","tokenPrice":1.0020005568041341,"lpPrice":50.7415552862877,"tvl":3010817.7387560657,"apy":286.53477540227516},"17":{"currency":"DOT-BNB","poolId":17,"address":"0xd0b419Fa00cB661f8C018a8873fB3f9F9EFE6106","tokenPrice":36.93187792162158,"lpPrice":307.437292952869,"tvl":4047851.3623973047,"apy":213.12639899917824},"18":{"currency":"XVS-BUSD","poolId":18,"address":"0x7483DF6349256c5f95155A5114A015014f35bd8d","tokenPrice":116.31051145786068,"lpPrice":21.676185520261203,"tvl":1835839.4660558812,"apy":469.9234331229893},"19":{"currency":"LINK-BNB","poolId":19,"address":"0xDb2561e2a663f873F0483b63E653E2C9Af2A8E1f","tokenPrice":44.298251996408965,"lpPrice":336.5293487211734,"tvl":1789917.9858352449,"apy":240.9898082981395},"20":{"currency":"LTC-BUSD","poolId":20,"address":"0x1209067dC48B3E15B25126EC785EC6CE492E997d","tokenPrice":317.38855500464,"lpPrice":35.6772502417128,"tvl":2766793.2419050685,"apy":311.8064521357739},"21":{"currency":"XRP-BUSD","poolId":21,"address":"0x0e3ccA3D602eBEA46CF349B991Ee0d857A096d3D","tokenPrice":1.436144262463226,"lpPrice":2.4017922331445485,"tvl":2223927.9953943547,"apy":387.9190272069387},"22":{"currency":"ADA-BUSD","poolId":22,"address":"0xB24a49d02380fCDFbc320c25B0dCa997d2ed435D","tokenPrice":1.3110475729824838,"lpPrice":2.2942828842319014,"tvl":2508184.8207924347,"apy":343.95550814277436},"23":{"currency":"DOGE-BNB","poolId":23,"address":"0xB8b20A1e5595BfeB21DF0E162BE2744A7Ed32581","tokenPrice":0.5549564057654882,"lpPrice":3789882.624604329,"tvl":1073436.9024558682,"apy":401.8419632201546},"24":{"currency":"SWIRL-BNB","poolId":24,"address":"0xA4e3947BAb9F2971E403a26Bf937b00237125cE1","tokenPrice":1.3486599225825604,"lpPrice":61.710391631534506,"tvl":1223021.5287884893,"apy":705.3874067173941},"25":{"currency":"WAULTx","poolId":25,"address":"0xB64E638E60D154B43f660a6BF8fD8a3b249a6a21","tokenPrice":0.065672,"lpPrice":0.065672,"tvl":4310888.591100747,"apy":100.06103919416898}}}